id,config.sigma,config.cutoff,config.noise,result.av_train_rmse,result.av_test_rmse,metadata.timing.start,metadata.timing.end
230710-114047-8476-calm-sink,0.05,5.75,0.2,0.0992549808850765,0.1233495286776793,1688985647.848267,1688989450.175204
230710-114046-6373-near-rate,0.05,5.0,0.2,0.1054714917282472,0.1341594636463335,1688985646.637785,1688988866.833514
230710-114046-9026-weak-dead,0.05,4.5,0.2,0.1201106856470346,0.1424400147825348,1688985646.903193,1688988793.321235
230710-114046-3096-mild-seat,0.05,4.0,0.2,0.134000844645227,0.1503831269562531,1688985646.310188,1688988632.684785
230710-114046-7669-loud-most,0.05,3.5,0.2,0.1318461227368409,0.1489135962487007,1688985646.767444,1688988581.094615
230710-114047-1916-bold-golf,0.05,3.0,0.2,0.160959635126915,0.1641655705088694,1688985647.19269,1688988527.802904
230710-114046-5454-sore-blue,0.05,2.5,0.2,0.1542415522435251,0.1573149161008485,1688985646.545957,1688988506.549587
230710-114047-8688-worn-mall,0.05,5.5,0.2,0.1311820470144325,0.1718638866951821,1688985647.869452,1688988906.05977
230710-114048-4596-pink-tree,0.05,5.25,0.2,0.0972168516326753,0.1200558760386496,1688985648.460195,1688988830.761325
230710-124642-7304-lean-lock,0.05,9.0,0.2,0.1081549188009335,0.1498918569792388,1688989602.73104,1688995560.969579
230710-114047-6541-lost-tree,0.05,6.5,0.2,0.0917062266046479,0.1247521586425245,1688985647.654667,1688990327.74094
230710-114048-0968-even-make,0.05,6.0,0.2,0.0909872746916592,0.1163872799972117,1688985648.097918,1688990059.374545
230710-114047-3717-wary-mall,0.05,6.25,0.2,0.09391934073211,0.1175650165962123,1688985647.372185,1688989961.035569
230710-124723-5792-late-army,0.05,8.5,0.2,0.1178761772371486,0.1476995181707811,1688989643.579922,1688995032.598111
230710-124635-8558-dear-mark,0.05,7.75,0.2,0.0872805369423724,0.1206416176139831,1688989595.856282,1688994728.911254
230710-124723-3930-long-clue,0.05,8.0,0.2,0.0787192751645351,0.1059907242344736,1688989643.393556,1688994574.990276
230710-124635-4374-both-ruin,0.05,7.5,0.2,0.0937259255904731,0.1216381159109759,1688989595.437831,1688994229.297459
230710-124636-2202-drab-duty,0.05,7.25,0.2,0.0999534726796113,0.1343030816711236,1688989596.220663,1688994175.04364
230710-124636-0754-hard-cell,0.05,6.75,0.2,0.1080629843423289,0.1384242032891474,1688989596.075879,1688994105.588938
230710-124635-4434-rash-bird,0.05,7.0,0.2,0.1111881515268216,0.1463846436259646,1688989595.443796,1688994099.892047
230710-141146-3442-damp-disk,0.1,2.5,0.2,0.135054807401753,0.1444635708432705,1688994706.344714,1688997259.327673
230710-125243-3076-posh-fill,0.05,9.5,0.2,0.0986873410000798,0.1330428910372361,1688989963.308394,1688996752.761217
230710-150222-7733-fond-give,0.1,5.25,0.2,0.0478297334805724,0.0864286134834758,1688997742.77423,1689000737.72994
230710-142549-3243-tame-snow,0.1,4.0,0.2,0.0622878849670914,0.0937682331663442,1688995549.3248,1688998416.05071
230710-142001-0227-kind-beer,0.1,3.5,0.2,0.079786092561631,0.1049708804738426,1688995201.023195,1688997933.128044
230710-141806-3605-that-rule,0.1,3.0,0.2,0.1328071743231201,0.1437196690177245,1688995086.361178,1688997814.256876
230710-130701-3762-full-sand,0.05,12.0,0.2,0.1012843682520345,0.1357892017033564,1688990821.377012,1689000593.061704
230710-145428-2642-sour-goal,0.1,5.0,0.2,0.0463482522129944,0.0846024560847142,1688997268.264932,1689000296.672813
230710-130240-4966-sour-milk,0.05,11.0,0.2,0.0950010715911126,0.1297885804630605,1688990560.497521,1688999832.766602
230710-143442-5588-worn-stop,0.1,4.5,0.2,0.0528678473707386,0.0951230299955112,1688996082.559651,1688998969.763408
230710-130050-7093-tidy-lock,0.05,10.0,0.2,0.097758058035222,0.1373653852253585,1688990450.709762,1688998904.610643
230710-155400-1327-rich-size,0.1,7.0,0.2,0.033636058029708,0.071485299940093,1689000840.133444,1689004569.150331
230710-141024-9751-near-test,0.05,13.0,0.2,0.0949902368046217,0.1363274086976779,1688994624.975662,1689004231.639146
230710-154631-9935-long-debt,0.1,6.75,0.2,0.0323184331626852,0.0714323048658882,1689000391.994049,1689003950.605143
230710-153029-6725-vast-tree,0.1,6.25,0.2,0.0382864966431751,0.0725957978193465,1688999429.673246,1689003174.881931
230710-153139-0276-easy-task,0.1,6.5,0.2,0.0373099835468749,0.0777663514533345,1688999499.028248,1689002887.216382
230710-152218-6158-that-news,0.1,6.0,0.2,0.0387991955414536,0.0763192285852332,1688998938.616602,1689002256.273404
230710-151212-8834-lost-pack,0.1,5.5,0.2,0.040157455263155,0.0746852901073556,1688998332.883923,1689001820.61539
230710-151355-7816-oval-deep,0.1,5.75,0.2,0.0384919475149219,0.0703461889409992,1688998435.782158,1689001561.473135
230710-170413-8294-each-flow,0.1,12.0,0.2,0.0336894553195838,0.0980121552824484,1689005053.830004,1689013078.879182
230710-161418-6669-taut-tone,0.1,7.75,0.2,0.0285413811632441,0.0732327017603284,1689002058.667647,1689005974.15893
230710-141026-8690-easy-hide,0.05,14.0,0.2,0.1186043523811261,0.150857645941907,1688994626.869447,1689005930.579561
230710-155839-8946-same-rush,0.1,7.25,0.2,0.0329281270204425,0.0669869022486138,1689001119.895298,1689005318.76689
230710-160012-8056-same-stop,0.1,7.5,0.2,0.0286913199582796,0.0686632296643923,1689001212.806292,1689004992.899377
230710-172712-7276-oily-math,0.15,2.5,0.2,0.1331480539091356,0.1441902401409765,1689006432.728301,1689009056.480374
230710-164206-9857-good-bend,0.1,9.5,0.2,0.0273486362190439,0.0720548214598371,1689003726.98638,1689008938.875758
230710-163650-5009-fine-mate,0.1,9.0,0.2,0.0287478099838745,0.0789137286166752,1689003410.501427,1689008142.458901
230710-141108-8605-free-cash,0.05,15.0,0.2,0.1154296852821773,0.1546682881948899,1688994668.861416,1689007263.698394
230710-162608-5284-smug-wood,0.1,8.5,0.2,0.0388653896977012,0.1007780387515364,1689002768.529043,1689007240.084083
230710-161850-6411-dark-fail,0.1,8.0,0.2,0.0360888747813927,0.0867544841500037,1689002330.641631,1689006814.152144
230710-181720-3629-rash-mine,0.15,5.0,0.2,0.0306223673248857,0.066938010869536,1689009440.363496,1689012885.26672
230710-181934-8318-nice-east,0.15,5.25,0.2,0.0284873587987746,0.0628078221531541,1689009574.832378,1689012624.909489
230710-180410-1927-tart-line,0.15,4.5,0.2,0.0376941994917031,0.0827574876022838,1689008650.193372,1689011597.36682
230710-165851-4734-rash-loss,0.1,11.0,0.2,0.0329253332490178,0.0974928234967072,1689004731.474023,1689011124.619275
230710-174903-9686-damp-hell,0.15,3.5,0.2,0.0663338939978554,0.0990201366502592,1689007743.9692,1689010633.326365
230710-174852-2648-sore-mark,0.15,4.0,0.2,0.0487322457160151,0.087337058665175,1689007732.26527,1689010581.402215
230710-165437-6615-soft-foot,0.1,10.0,0.2,0.0292260654654379,0.0741538732819528,1689004477.66219,1689010358.262508
230710-174143-8681-thin-bend,0.15,3.0,0.2,0.1290799511057131,0.1413675906385615,1689007303.868581,1689009946.034013
230710-192312-3513-gray-stop,0.15,7.25,0.2,0.01627178579156,0.0578518189534669,1689013392.352783,1689017241.189146
230710-171655-7051-long-lift,0.1,14.0,0.2,0.0402730081408215,0.1178698760461001,1689005815.705855,1689016909.599524
230710-191841-3224-smug-cost,0.15,7.0,0.2,0.0173577457991956,0.0574744869551816,1689013121.323167,1689016724.068113
230710-190119-1654-posh-song,0.15,6.75,0.2,0.0192869511110919,0.0585956852123698,1689012079.16592,1689015617.391593
230710-185350-8615-trim-hair,0.15,6.5,0.2,0.0199472294502271,0.0602816011770932,1689011630.862056,1689015062.790183
230710-184508-4175-sour-poem,0.15,6.25,0.2,0.0219645780302809,0.0621099026185419,1689011108.418075,1689014455.211559
230710-171101-9054-dull-boss,0.1,13.0,0.2,0.0293158916002547,0.0944509912945375,1689005461.905857,1689014431.65554
230710-184041-3202-trim-fall,0.15,5.75,0.2,0.0258469749059904,0.0630617342316474,1689010841.320675,1689014434.247117
230710-184505-0911-same-walk,0.15,6.0,0.2,0.0244464428486487,0.0603028785209623,1689011105.091757,1689014389.750767
230710-183436-4685-fond-grab,0.15,5.5,0.2,0.026681975088209,0.0651102879572239,1689010476.469178,1689013552.467049
230710-203014-9940-nice-kind,0.15,13.0,0.2,0.0139342062077166,0.0844771275682382,1689017414.994901,1689026215.29395
230710-194857-6720-evil-milk,0.15,9.0,0.2,0.0136097893376382,0.0600033180034293,1689014937.672548,1689019605.448519
230710-194834-8215-good-tree,0.15,8.5,0.2,0.0146649594408287,0.063399052547983,1689014914.822807,1689019352.475807
230710-194759-5285-arid-rush,0.15,8.0,0.2,0.0171557632284765,0.0701203553973093,1689014879.529071,1689018955.440031
230710-172650-5132-lone-dust,0.1,15.0,0.2,0.0328074645643855,0.093660434389181,1689006410.513702,1689018722.131882
230710-193403-7113-half-pain,0.15,7.75,0.2,0.016424170718484,0.0658412758434872,1689014043.712008,1689018299.640244
230710-192606-6509-calm-ride,0.15,7.5,0.2,0.0161413534395972,0.0625351526606901,1689013566.651424,1689017530.334468
230710-211105-4572-zany-good,0.2,4.0,0.2,0.0443780198501592,0.0897421679827788,1689019865.457906,1689022698.128397
230710-200819-4697-bare-cold,0.15,11.0,0.2,0.0131899058514597,0.0756936440709536,1689016099.470426,1689022536.951011
230710-210351-9842-bold-deal,0.2,3.5,0.2,0.0610360262421213,0.0967686999470284,1689019431.984684,1689022282.940399
230710-210008-3758-each-club,0.2,3.0,0.2,0.1271468111579922,0.139797815724037,1689019208.376345,1689021968.165176
230710-205249-5249-flat-hurt,0.2,2.5,0.2,0.1316321020140937,0.1427807727734518,1689018769.525404,1689021623.680556
230710-195918-0710-warm-hand,0.15,10.0,0.2,0.0141566040300515,0.0677610887381175,1689015558.071869,1689021077.455789
230710-194911-4403-idle-past,0.15,9.5,0.2,0.0134013858072344,0.0633398304897517,1689014951.44093,1689020468.509927
230710-220009-8481-wavy-trip,0.2,6.0,0.2,0.0199837091850619,0.0579368405917279,1689022809.848621,1689026082.067778
230710-215522-9359-sore-fill,0.2,5.75,0.2,0.0218916721031266,0.0587655464994794,1689022522.9365,1689025861.247525
230710-214917-3055-numb-push,0.2,5.5,0.2,0.0233967363128169,0.0589048364749358,1689022157.306037,1689025535.209276
230710-202638-0485-sour-wave,0.15,12.0,0.2,0.0125681606082999,0.0790185489834396,1689017198.049353,1689024811.623297
230710-214102-2241-neat-walk,0.2,5.25,0.2,0.0249931445830331,0.0617397445168823,1689021662.225257,1689024795.726196
230710-212920-2792-wide-ruin,0.2,5.0,0.2,0.0269204026030977,0.0625914348556456,1689020960.279875,1689024218.227193
230710-211440-0267-both-sign,0.2,4.5,0.2,0.0337197684881515,0.078790951482232,1689020080.027262,1689023295.702279
230710-225935-5325-vast-salt,0.2,8.0,0.2,0.0103363417110703,0.0597282838868017,1689026375.533043,1689030424.533614
230710-225356-4549-cute-east,0.2,7.75,0.2,0.0108511823605082,0.0592451600765728,1689026036.455542,1689030245.208279
230710-204001-3379-ajar-blue,0.15,15.0,0.2,0.0121998151717718,0.070162529823801,1689018001.338466,1689029821.853331
230710-224145-4494-limp-idea,0.2,7.5,0.2,0.0109711761266185,0.0565538336330914,1689025305.450176,1689029097.241403
230710-224133-1148-rich-ride,0.2,7.25,0.2,0.0117718115954251,0.0569988724761442,1689025293.115344,1689029062.066712
230710-223145-1022-mean-pool,0.2,7.0,0.2,0.0126597891643428,0.0538989026307039,1689024705.102738,1689028397.881264
230710-203532-0725-half-gift,0.15,14.0,0.2,0.0150657203830176,0.089777231210244,1689017732.073024,1689028140.937338
230710-221612-1595-warm-sing,0.2,6.75,0.2,0.0136129721987259,0.0535185080964333,1689023772.160267,1689027576.265461
230710-220701-5517-sane-band,0.2,6.5,0.2,0.014984175698765,0.0569090946716859,1689023221.552293,1689026840.789699
230710-220359-2919-dull-area,0.2,6.25,0.2,0.0173173065150573,0.0571059119708745,1689023039.292503,1689026532.192193
230711-001453-0292-ripe-read,0.25,3.5,0.2,0.0596361980564906,0.0969214529821032,1689030893.029849,1689033587.2253
230711-001248-1205-gray-pipe,0.25,3.0,0.2,0.1263249969311127,0.1390444646127166,1689030768.121193,1689033410.058187
230711-000519-2238-late-roll,0.25,2.5,0.2,0.1309711457661882,0.1418778754494993,1689030319.22464,1689033264.201166
230710-231529-1240-poor-band,0.2,10.0,0.2,0.0088311107685195,0.0656413124065162,1689027329.12467,1689032921.582232
230710-231019-5332-same-rent,0.2,9.5,0.2,0.0091293843130307,0.0575363397151512,1689027019.53366,1689032267.112912
230710-230509-9190-dead-belt,0.2,9.0,0.2,0.0094559559068224,0.0572249274688323,1689026709.919806,1689031771.843038
230710-230318-5330-bare-ruin,0.2,8.5,0.2,0.0097917884966977,0.0550642351455246,1689026598.53376,1689030992.053402
230711-010809-7830-fond-town,0.25,6.0,0.2,0.0190679676325035,0.056921766553884,1689034089.783565,1689037400.224663
230711-010220-5580-damp-town,0.25,5.5,0.2,0.0223543523619995,0.0578035845395936,1689033740.558789,1689037155.247386
230711-010432-9284-rash-soup,0.25,5.75,0.2,0.0208919309965497,0.0560882115764619,1689033872.929194,1689037073.163675
230711-005659-1940-pale-rise,0.25,5.25,0.2,0.0241312209144194,0.0581694587533342,1689033419.194664,1689036509.471539
230710-233709-9253-tidy-unit,0.2,12.0,0.2,0.0080946377161581,0.0739755627254501,1689028629.925824,1689036425.819913
230711-004551-6477-ripe-path,0.25,5.0,0.2,0.0261636792634603,0.0616226420956678,1689032751.648214,1689035758.161934
230711-003734-4830-free-care,0.25,4.5,0.2,0.0327145372828731,0.0772740009593993,1689032254.483781,1689035218.554709
230710-232747-5005-dull-flow,0.2,11.0,0.2,0.0090157107787373,0.0693716502766059,1689028067.501306,1689034477.888911
230711-002434-6696-weak-luck,0.25,4.0,0.2,0.043730497212905,0.0887993485305759,1689031474.670413,1689034297.900995
230711-021143-3050-huge-work,0.25,8.5,0.2,0.008913914901109,0.0533831743796556,1689037903.3056,1689042238.071451
230711-020711-5577-rare-bend,0.25,8.0,0.2,0.008869484601299,0.0551212143712954,1689037631.558247,1689042045.716529
230710-235305-2432-lean-wife,0.2,15.0,0.2,0.0089009398747285,0.0655695442068734,1689029585.243873,1689041836.879653
230711-020556-7004-cold-game,0.25,7.75,0.2,0.0091965737121445,0.0562515531015164,1689037556.700984,1689041581.250623
230711-015700-1460-keen-pace,0.25,7.5,0.2,0.0095680445397138,0.0556576879498984,1689037020.146581,1689040817.855409
230711-015527-6317-keen-park,0.25,7.25,0.2,0.0100375056712321,0.0539006469564119,1689036927.632929,1689040627.236582
230710-235251-2451-puny-rest,0.2,14.0,0.2,0.0089505030745983,0.0782708559062704,1689029571.245875,1689040081.301921
230711-014416-1370-lazy-wake,0.25,7.0,0.2,0.0108875524289721,0.0533792078311408,1689036256.137513,1689039773.463347
230711-013506-4915-free-head,0.25,6.75,0.2,0.0122222563572763,0.0526669928329854,1689035706.492148,1689039545.17145
230711-012301-6815-ajar-card,0.25,6.5,0.2,0.0136520165244617,0.054545188519582,1689034981.682119,1689038788.831191
230710-234118-7338-torn-club,0.2,13.0,0.2,0.0090454310349353,0.0801756830433657,1689028878.734271,1689038352.461376
230711-012000-5297-lean-kill,0.25,6.25,0.2,0.0160968578196377,0.0574993632480948,1689034800.530261,1689038098.868005
230711-033229-7061-cool-name,0.3,4.0,0.2,0.0445593220406578,0.0883402308231315,1689042749.706548,1689045547.234556
230711-023446-7013-trim-cook,0.25,10.0,0.2,0.0085253690805758,0.0613381195407588,1689039286.701911,1689045262.855297
230711-032911-6382-this-dead,0.3,3.5,0.2,0.0596315429689901,0.0973472077226008,1689042551.638779,1689045251.642725
230711-032110-4047-full-milk,0.3,2.5,0.2,0.1309041672606752,0.1415913996793662,1689042070.405382,1689045149.358449
230711-032551-3859-some-lack,0.3,3.0,0.2,0.1262474993725182,0.1388896286383047,1689042351.386398,1689044989.349331
230711-022733-7837-long-hire,0.25,9.5,0.2,0.0086264899967939,0.0624424490805675,1689038853.78439,1689044505.857693
230711-022256-8970-good-game,0.25,9.0,0.2,0.0083120908982632,0.057118555954788,1689038576.897448,1689043193.784453
230711-042852-8362-fine-bird,0.3,6.25,0.2,0.0161677370353271,0.0573091654921359,1689046132.837146,1689049370.496125
230711-042106-6367-flat-flow,0.3,5.5,0.2,0.0224147079721771,0.055932818294217,1689045666.637297,1689049176.9604
230711-042207-8790-best-gain,0.3,5.75,0.2,0.020994265678881,0.0563397194873217,1689045727.879441,1689049032.401763
230711-042224-0499-wild-hunt,0.3,6.0,0.2,0.0191144509048408,0.0576170594798068,1689045744.050389,1689048969.023866
230711-041857-9063-slow-page,0.3,5.25,0.2,0.0241959548474785,0.057181214878491,1689045537.906777,1689048562.336524
230711-041052-7390-tiny-life,0.3,5.0,0.2,0.0263179449686648,0.0608607727555082,1689045052.740383,1689048442.043905
230711-025117-3327-dual-rope,0.25,12.0,0.2,0.0084719552269993,0.0749715224406148,1689040277.333395,1689047633.367758
230711-034903-7877-true-lock,0.3,4.5,0.2,0.0330610462391824,0.0757255501304746,1689043743.788158,1689046709.073432
230711-024755-8476-tart-gate,0.25,11.0,0.2,0.0087371461077319,0.0694313454259212,1689040075.848107,1689046474.169194
230711-052815-6865-bare-card,0.3,8.5,0.2,0.0089645627442791,0.0558826663256633,1689049695.68698,1689054050.101284
230711-052530-7924-tame-mark,0.3,8.0,0.2,0.0091908627031285,0.0521395853528439,1689049530.793178,1689053897.188089
230711-052511-7499-thin-beat,0.3,7.75,0.2,0.0091090770909461,0.0541430236698087,1689049511.750523,1689053685.434825
230711-030840-2728-weak-page,0.25,15.0,0.2,0.0097666812056183,0.0697767601031943,1689041320.273736,1689053344.198007
230711-051829-9895-easy-neck,0.3,7.5,0.2,0.0092262053754935,0.0542069845179074,1689049109.990341,1689052932.081704
230711-051657-3384-pale-boss,0.3,7.25,0.2,0.0096969168517699,0.0535932118051715,1689049017.339747,1689052705.606436
230711-030535-7350-some-fold,0.25,14.0,0.2,0.0093459600220693,0.074266091782681,1689041135.735553,1689051866.933406
230711-050349-7672-wise-make,0.3,7.0,0.2,0.0104797573666891,0.0539121801495079,1689048229.768034,1689051795.186592
230711-044448-4977-huge-pace,0.3,6.5,0.2,0.0133922229220395,0.0547037057564195,1689047088.498195,1689050932.800293
230711-044724-1643-wise-hope,0.3,6.75,0.2,0.0116805263833694,0.0530568968445668,1689047244.164898,1689050785.367327
230711-025636-9831-fine-hole,0.25,13.0,0.2,0.0089679997569537,0.0766216313935636,1689040596.983699,1689049720.569725
230711-064721-6046-loud-safe,0.35,3.5,0.2,0.0606163463469888,0.0981878020974315,1689054441.605059,1689057546.697789
230711-064920-5578-dear-oven,0.35,4.0,0.2,0.0460656819423574,0.087873182824337,1689054560.55839,1689057386.415766
230711-064355-8053-best-lift,0.35,3.0,0.2,0.1266240026370374,0.139223256574678,1689054235.80577,1689056895.755663
230711-055628-1078-pure-pass,0.3,10.0,0.2,0.0096099007441548,0.0603281221873111,1689051388.108507,1689056855.119609
230711-063816-1630-late-meat,0.35,2.5,0.2,0.1312004120197259,0.1418126598193967,1689053896.163552,1689056454.786617
230711-053744-3488-smug-risk,0.3,9.5,0.2,0.0096788756397043,0.0589007705530005,1689050264.349461,1689055426.39709
230711-053152-1324-cool-rock,0.3,9.0,0.2,0.0092358043752853,0.0554769408471614,1689049912.133073,1689054630.090893
230711-074535-2265-puny-boss,0.35,6.0,0.2,0.0197146714722109,0.057020039836519,1689057935.227063,1689061094.342346
230711-073732-6247-evil-seat,0.35,5.75,0.2,0.0215833985880873,0.0559858990492792,1689057452.625268,1689060951.113048
230711-073656-9679-wide-pool,0.35,5.5,0.2,0.0230374270758409,0.0556638574186633,1689057416.96837,1689060530.041343
230711-073045-5045-rare-size,0.35,5.25,0.2,0.0248179421031707,0.056154795551932,1689057045.50508,1689060101.305921
230711-061236-7284-icky-fire,0.3,12.0,0.2,0.0106653824595073,0.0740385133902179,1689052356.729208,1689059982.82081
230711-071336-8463-left-quit,0.35,5.0,0.2,0.0270188062564976,0.0603209208991903,1689056016.84696,1689059007.675762
230711-055759-4223-icky-luck,0.3,11.0,0.2,0.0100723944839347,0.0664957609286397,1689051479.422809,1689058293.778149
230711-065931-2368-hard-town,0.35,4.5,0.2,0.0339897466129545,0.0753734774072743,1689055171.237524,1689058064.66009
230711-084741-3901-real-talk,0.35,8.5,0.2,0.009962669146205,0.0539932613924666,1689061661.390988,1689066367.792246
230711-084740-9794-dull-fall,0.35,8.0,0.2,0.0097903521599016,0.0540735265853756,1689061660.980074,1689066060.098608
230711-063114-6342-rude-mood,0.3,15.0,0.2,0.0127827908095108,0.0784823874869464,1689053474.635074,1689065610.544093
230711-084011-4504-ajar-food,0.35,7.75,0.2,0.0098951078595126,0.053490053187405,1689061211.451169,1689065140.847465
230711-083025-7730-fair-joke,0.35,7.5,0.2,0.0100270845083522,0.0519281027123304,1689060625.773649,1689064443.148957
230711-082859-4930-fine-make,0.35,7.25,0.2,0.0102914918783437,0.0528408415660581,1689060539.494159,1689064213.801345
230711-062757-4243-vast-heat,0.3,14.0,0.2,0.0120482878474266,0.068381578956945,1689053277.4254,1689063834.291478
230711-081314-4414-fine-club,0.35,7.0,0.2,0.0109709778167585,0.0537792076298821,1689059594.442075,1689063304.992572
230711-080041-7937-idle-loss,0.35,6.75,0.2,0.0121769468889373,0.0527729773980804,1689058841.794238,1689062657.756982
230711-075726-2330-past-week,0.35,6.5,0.2,0.0138266884542459,0.054945632749682,1689058646.233652,1689062058.121968
230711-074811-3347-ugly-pipe,0.35,6.25,0.2,0.0166950528167331,0.057361846084827,1689058091.335734,1689061830.704157
230711-061324-1102-bold-area,0.3,13.0,0.2,0.011470745429715,0.074027101889266,1689052404.110734,1689061666.767051
230711-100140-5321-pale-gear,0.4,3.0,0.2,0.1273217370350766,0.1400203493893802,1689066100.532672,1689068679.212076
230711-095414-5838-ugly-year,0.4,2.5,0.2,0.1317421130796243,0.1424148591361285,1689065654.584439,1689068273.277466
230711-090246-0947-torn-card,0.35,10.0,0.2,0.0116369312984813,0.064245359259896,1689062566.095537,1689068090.571606
230711-085852-7448-that-wife,0.35,9.5,0.2,0.0110123986007233,0.0572201820864196,1689062332.745764,1689067440.355467
230711-085639-0730-half-road,0.35,9.0,0.2,0.0106309317511557,0.0568130959906001,1689062199.073486,1689066855.08225
230711-104602-1837-warm-home,0.4,5.5,0.2,0.0238980563490088,0.0555692340022038,1689068762.184204,1689071798.415
230711-104329-9463-open-good,0.4,5.25,0.2,0.0257387454436237,0.0562818835474549,1689068609.946904,1689071637.619842
230711-103257-1558-back-join,0.4,5.0,0.2,0.0280187980816886,0.059871714920613,1689067977.156476,1689071412.880939
230711-092407-2232-tall-life,0.35,12.0,0.2,0.0136016253061127,0.0737586354412101,1689063847.223655,1689071313.456638
230711-102304-2641-sick-term,0.4,4.5,0.2,0.0352505104970209,0.0750732122230976,1689067384.264676,1689070408.668599
230711-091258-3251-tart-rent,0.35,11.0,0.2,0.0125006617531402,0.0665924954958302,1689063178.325628,1689069842.04063
230711-100949-7476-zany-lake,0.4,3.5,0.2,0.0621044417590195,0.0988127328317665,1689066589.748109,1689069759.480585
230711-101455-7268-dead-bone,0.4,4.0,0.2,0.0479297194287536,0.0876437627041714,1689066895.727382,1689069742.864635
230711-114502-3131-sane-rush,0.4,7.75,0.2,0.0109521915658271,0.0539625790662865,1689072302.313769,1689076178.793377
230711-113902-5869-calm-mark,0.4,7.25,0.2,0.0115314844501486,0.0520249248523132,1689071942.587515,1689076049.652599
230711-114214-3323-dead-glad,0.4,7.5,0.2,0.0111564936151522,0.0528465256371123,1689072134.332949,1689075896.527061
230711-113713-0349-wise-hole,0.4,7.0,0.2,0.0121504687066452,0.0530263856736844,1689071833.035518,1689075460.750126
230711-093832-6499-sour-cold,0.35,14.0,0.2,0.0147195805314912,0.0683482970172803,1689064712.650542,1689075176.747228
230711-112212-4183-dead-beat,0.4,6.75,0.2,0.0131820693735837,0.0521629685053798,1689070932.41896,1689074643.036822
230711-111117-8864-blue-data,0.4,6.25,0.2,0.0175571202870825,0.0579017488310856,1689070277.886874,1689074075.829908
230711-093233-0743-slim-wing,0.35,13.0,0.2,0.0144803016379472,0.071299747696342,1689064353.074915,1689073980.182203
230711-111217-2710-spry-bath,0.4,6.5,0.2,0.0146868932198613,0.0546371869977169,1689070337.271978,1689073780.615423
230711-111119-7589-idle-lack,0.4,6.0,0.2,0.020581236067475,0.0570965632979148,1689070279.759995,1689073566.798486
230711-105250-9244-fake-date,0.4,5.75,0.2,0.0224140147527829,0.0554445823733275,1689069170.924927,1689072332.51888
230711-125326-5719-loud-race,0.4,14.0,0.2,0.0181197961355376,0.0732328500886523,1689076406.572386,1689086645.175342
230711-123254-8709-wiry-copy,0.4,11.0,0.2,0.0149513032392712,0.0691255401207295,1689075174.871874,1689081506.06988
230711-094213-3858-fine-rich,0.35,15.0,0.2,0.0172501355240599,0.0828927910975578,1689064933.386554,1689077030.419144
230711-115419-1021-live-cell,0.4,8.0,0.2,0.0110300448644137,0.0531206337607124,1689072859.102939,1689076952.067921
230711-131202-0141-fond-fail,0.45,3.5,0.2,0.0639509484776297,0.0990146937896177,1689077522.014564,1689080267.66515
230711-131053-5925-wary-star,0.45,3.0,0.2,0.1281772927664693,0.1409474763906076,1689077453.593048,1689080125.842546
230711-122242-4623-firm-boot,0.4,10.0,0.2,0.013780893504612,0.0644412594254704,1689074562.462831,1689080053.366851
230711-122121-6158-rich-mail,0.4,9.5,0.2,0.0127886974321179,0.0598702910714912,1689074481.616444,1689079828.951257
230711-125726-7828-hard-most,0.45,2.5,0.2,0.1323695673814278,0.1430282634364684,1689076646.78353,1689079227.392704
230711-121753-2377-nice-feel,0.4,9.0,0.2,0.0120297465884436,0.0565308462755914,1689074273.238147,1689078982.533581
230711-121459-1653-good-sick,0.4,8.5,0.2,0.0114674825112813,0.0548714279349608,1689074099.165875,1689078733.37192
230711-124603-3010-last-draw,0.4,13.0,0.2,0.0166123197834962,0.0697667092298845,1689075963.301555,1689084859.198257
230711-141355-8403-slow-mess,0.45,6.0,0.2,0.0216255413821962,0.0572715910772525,1689081235.84108,1689084517.526893
230711-141357-4070-grim-race,0.45,5.75,0.2,0.0233949851436305,0.0557423572231314,1689081237.408018,1689084393.554062
230711-134449-8480-loud-chip,0.45,4.0,0.2,0.0499571729221274,0.0873365800484418,1689079489.848416,1689082207.320082
230711-145117-3964-damp-lake,0.45,6.5,0.2,0.0160402412577506,0.0544742799362918,1689083477.397068,1689086825.345406
230711-143823-2998-cute-view,0.45,6.25,0.2,0.0187461594658991,0.0581848311537557,1689082703.301102,1689086251.263476
230711-141101-4108-live-head,0.45,5.5,0.2,0.0249260316860416,0.0556391750843784,1689081061.411689,1689084527.884285
230711-140639-6098-mild-host,0.45,5.25,0.2,0.0268062300871002,0.0564245319470688,1689080799.611031,1689083906.026839
230711-124206-3643-idle-drop,0.4,12.0,0.2,0.01656118827667,0.0719322178056054,1689075726.364761,1689083271.827551
230711-135648-0827-lone-mode,0.45,5.0,0.2,0.0291803756801716,0.0596098720674699,1689080208.083575,1689083143.044761
230711-135042-7048-next-king,0.45,4.5,0.2,0.0366872352109134,0.0751500368940378,1689079842.705563,1689083040.960927
230711-160011-3226-ugly-seat,0.45,9.0,0.2,0.0138762568915711,0.057073384984398,1689087611.323104,1689092259.507191
230711-160010-0692-last-wine,0.45,8.5,0.2,0.0130545367703757,0.0560971355818928,1689087610.069638,1689091897.661667
230711-160003-0800-vast-suit,0.45,7.75,0.2,0.0124359910219785,0.0535563148216527,1689087603.080608,1689091888.485042
230711-155801-5764-bare-math,0.45,7.5,0.2,0.0125345870583933,0.0529975325597195,1689087481.576869,1689091656.937414
230711-160010-3819-bare-wrap,0.45,8.0,0.2,0.0126469102059096,0.0527463610502048,1689087610.382407,1689091579.927299
230711-155517-4206-warm-joke,0.45,7.25,0.2,0.0128843300137654,0.0523125757084449,1689087317.421105,1689090841.795901
230711-125608-2579-safe-self,0.4,15.0,0.2,0.022115162411131,0.0838621196593197,1689076568.258846,1689088407.753293
230711-150758-7802-loud-gift,0.45,6.75,0.2,0.0146583347636457,0.05184719970285,1689084478.781017,1689088082.676669
230711-150740-4469-pure-kiss,0.45,7.0,0.2,0.0136143463370974,0.0528596036734905,1689084460.448354,1689087763.197362
230711-172558-1093-fair-dare,0.5,4.5,0.2,0.0382116696567344,0.0754237507851333,1689092758.109976,1689095616.982539
230711-171923-7279-used-feed,0.5,3.5,0.2,0.0659859954034295,0.0987557892275995,1689092363.7286,1689095576.948822
230711-171921-1769-free-hold,0.5,4.0,0.2,0.0520318753394753,0.0869740507275238,1689092361.177514,1689095288.672462
230711-171410-1168-smug-rent,0.5,2.5,0.2,0.1329083353244766,0.1432426170836452,1689092050.117513,1689095126.473941
230711-171540-2210-cute-soup,0.5,3.0,0.2,0.1289883484285938,0.1415160636621888,1689092140.221745,1689094863.958232
230711-160012-4184-lame-wood,0.45,11.0,0.2,0.0170653346174823,0.0698816386329287,1689087612.419064,1689094057.906606
230711-160014-3066-torn-hall,0.45,10.0,0.2,0.0156759523947317,0.0625099415218993,1689087614.307261,1689093117.014538
230711-160014-7511-icky-peak,0.45,9.5,0.2,0.0148780337691656,0.0614953237971895,1689087614.751682,1689092739.493695
230711-181619-8508-neat-knee,0.5,6.25,0.2,0.0201148191338591,0.0584360549686791,1689095779.851722,1689099097.648841
230711-180916-5841-wise-cake,0.5,5.75,0.2,0.0245000190269026,0.0559052359546355,1689095356.584619,1689098970.706185
230711-181347-4994-thin-park,0.5,6.0,0.2,0.0228097974206991,0.0574267789538457,1689095627.499925,1689098931.458637
230711-161655-7024-some-sink,0.45,13.0,0.2,0.018958142471418,0.0697410081916613,1689088615.702901,1689097655.95029
230711-175609-2516-open-wish,0.5,5.5,0.2,0.0260512245427743,0.0562005482724243,1689094569.252212,1689097637.948606
230711-174007-4883-open-love,0.5,5.25,0.2,0.0279691035899847,0.0570133566602847,1689093607.488805,1689096673.707896
230711-173344-6748-trim-stay,0.5,5.0,0.2,0.0304062869997186,0.0594310992270849,1689093224.675463,1689096258.659166
230711-161039-3547-half-wish,0.45,12.0,0.2,0.0183957454166549,0.0692012938221664,1689088239.35543,1689095826.297246
230711-185603-1129-mild-mate,0.5,8.0,0.2,0.01436128460515,0.0534032591395593,1689098163.113603,1689102299.896422
230711-185529-3242-bare-item,0.5,7.75,0.2,0.0141270591376966,0.0541573753957634,1689098129.324841,1689102063.96794
230711-183922-8253-mean-tale,0.5,7.5,0.2,0.0141925129153635,0.052904337006329,1689097162.826022,1689101017.963313
230711-183223-3435-wiry-blue,0.5,7.25,0.2,0.0144311842908612,0.0521370356758507,1689096743.344203,1689100550.665369
230711-162124-5343-each-body,0.45,14.0,0.2,0.0220400261365552,0.0787853493785517,1689088884.534802,1689100042.527678
230711-182520-6113-sane-poem,0.5,7.0,0.2,0.0151198168324389,0.0529723738660542,1689096320.611852,1689100010.417066
230711-182105-0918-slow-push,0.5,6.5,0.2,0.0174942285932364,0.0543143000155621,1689096065.092335,1689099932.363604
230711-182215-4568-mild-mess,0.5,6.75,0.2,0.0162044752474283,0.0515492657654767,1689096135.457502,1689099649.286144
230711-170214-8118-pure-pool,0.45,15.0,0.2,0.0268590241480704,0.0853248325054971,1689091334.812582,1689103305.046307
230711-202947-5312-vain-dump,0.6,3.5,0.2,0.0700942394546864,0.0978607687343664,1689103787.531778,1689106501.994753
230711-192901-6866-arid-pipe,0.5,10.0,0.2,0.0176075616993714,0.0633466696916199,1689100141.687181,1689105513.210179
230711-201250-1831-neat-wave,0.6,3.0,0.2,0.13020076639502,0.1413663079608984,1689102770.183751,1689105380.072445
230711-191929-6345-trim-tune,0.5,9.5,0.2,0.0168180715066016,0.0605070949994064,1689099569.6351,1689105128.974166
230711-200841-5670-ajar-film,0.6,2.5,0.2,0.1336948019851918,0.1426249984956133,1689102521.567542,1689105093.06339
230711-191652-0575-wavy-kill,0.5,8.5,0.2,0.0149156927047356,0.0569284902266706,1689099412.058024,1689104171.976583
230711-191736-4892-keen-type,0.5,9.0,0.2,0.015865566592359,0.0583419375529575,1689099456.489672,1689104169.731056
230711-212307-8339-damp-clue,0.6,6.0,0.2,0.0253948059040742,0.0578277664376357,1689106987.834785,1689110181.143515
230711-193538-6291-near-high,0.5,13.0,0.2,0.021770419019744,0.0720348743162615,1689100538.629734,1689109698.652165
230711-210440-0613-oval-gift,0.6,5.5,0.2,0.0284813469991902,0.0571876317284002,1689105880.061948,1689109315.312882
230711-210627-9278-long-high,0.6,5.75,0.2,0.0269769959143546,0.0563339424931486,1689105987.928595,1689109107.079507
230711-210026-4108-deep-luck,0.6,5.25,0.2,0.0303727308769715,0.0587786090213369,1689105626.411455,1689108721.065882
230711-205925-2287-busy-joke,0.6,5.0,0.2,0.0329470677296918,0.0597810603791421,1689105565.22913,1689108479.300856
230711-193509-4931-arid-diet,0.5,12.0,0.2,0.0199631197488984,0.0689539089524229,1689100509.493663,1689107981.873816
230711-204410-8824-wiry-hide,0.6,4.5,0.2,0.0413516526305939,0.0760134120607272,1689104650.883081,1689107896.847062
230711-204411-1181-meek-rent,0.6,4.0,0.2,0.056124101868303,0.0865034112471452,1689104651.118579,1689107530.527993
230711-193357-9135-mean-neat,0.5,11.0,0.2,0.0189689623553977,0.069072761095536,1689100437.914257,1689107398.818656
230711-222433-9194-fake-pick,0.6,9.0,0.2,0.0200686700811149,0.0593882756927727,1689110673.919947,1689115485.550459
230711-214806-5695-ajar-look,0.6,7.0,0.2,0.0184795469610553,0.053975205982114,1689108486.570124,1689112150.356191
230711-214622-4823-busy-burn,0.6,6.75,0.2,0.0194144931891433,0.0525084502827392,1689108382.482856,1689112021.154527
230711-214041-9081-past-beer,0.6,6.5,0.2,0.0205206897881443,0.05466504036738,1689108041.90857,1689111809.640303
230711-213835-0973-this-rain,0.6,6.25,0.2,0.0229469153442814,0.0591140448779985,1689107915.097876,1689111507.679404
230711-194406-6057-half-hunt,0.5,14.0,0.2,0.0261891799187348,0.0820494239571069,1689101046.606314,1689111393.896781
230711-221654-9153-poor-vast,0.6,8.5,0.2,0.0190260961047532,0.0593457175222581,1689110214.915765,1689114594.950443
230711-221026-8690-sore-term,0.6,8.0,0.2,0.0182377618928062,0.0542012821139072,1689109826.869548,1689113859.011623
230711-195137-0009-pink-most,0.5,15.0,0.2,0.0315681180818853,0.0891990898218704,1689101497.001425,1689113571.898536
230711-220648-3544-numb-text,0.6,7.75,0.2,0.0178325469293065,0.0553059041223092,1689109608.35491,1689113432.037599
230711-220023-0698-that-jump,0.6,7.5,0.2,0.0177889287057185,0.0543117071759564,1689109223.070385,1689113335.688048
230711-215614-0601-wide-team,0.6,7.25,0.2,0.0178905229701578,0.0529587805126735,1689108974.060758,1689112687.799438
230711-235303-3180-worn-boot,0.7,4.5,0.2,0.044650294270865,0.0765019749138087,1689115983.318702,1689118871.963909
230711-233758-7895-wild-page,0.7,4.0,0.2,0.0602015255925749,0.0871404246059927,1689115078.790633,1689118175.088942
230711-224710-7246-full-date,0.6,10.0,0.2,0.0219170292900609,0.0665444936334737,1689112030.725269,1689117543.31316
230711-232543-9427-lean-bend,0.7,3.5,0.2,0.0739956055386915,0.0978689945520993,1689114343.943656,1689117485.940037
230711-224457-2323-drab-time,0.6,9.5,0.2,0.0210518126683505,0.0628410274237493,1689111897.232983,1689116989.698429
230711-232051-9034-glum-turn,0.7,3.0,0.2,0.1311418556245087,0.1405331376910731,1689114051.903953,1689116723.627586
230711-231820-1265-glum-most,0.7,2.5,0.2,0.1344632338327744,0.1417300030443414,1689113900.126975,1689116523.552607
230711-225734-7632-wavy-test,0.6,13.0,0.2,0.0285770647242317,0.0794341347039529,1689112654.763764,1689121697.756765
230712-002647-6222-male-role,0.7,6.0,0.2,0.0284342585630662,0.0586188628724817,1689118007.623175,1689121514.231256
230712-002605-3266-rude-heat,0.7,5.75,0.2,0.0299332269699275,0.0570526453853499,1689117965.327047,1689121074.917822
230712-001754-8803-busy-loss,0.7,5.5,0.2,0.0312066884444516,0.0581544229503278,1689117474.880855,1689120670.919763
230711-225455-5283-damp-unit,0.6,12.0,0.2,0.0248401363140945,0.0727963715544111,1689112495.528831,1689120425.837071
230712-001326-9421-last-tank,0.7,5.25,0.2,0.0329524166695446,0.0602632527317435,1689117206.942864,1689120281.991232
230712-000958-6361-dead-fear,0.7,5.0,0.2,0.0357765072539669,0.0606773701818939,1689116998.636624,1689120058.254704
230711-225136-1060-flat-hand,0.6,11.0,0.2,0.0232645701988021,0.068702406849918,1689112296.106615,1689118914.754435
230712-013644-4692-worn-side,0.7,9.0,0.2,0.0249097525272183,0.0620883872839997,1689122204.469689,1689126882.110787
230712-013329-2312-fond-pool,0.7,8.5,0.2,0.0236276400882613,0.062157535157542,1689122009.23178,1689126624.768383
230712-004930-7933-fake-part,0.7,6.5,0.2,0.0238460138606603,0.0564978667493911,1689119370.793951,1689122782.659539
230712-003825-6618-wise-play,0.7,6.25,0.2,0.0260555559790716,0.0605203683682171,1689118705.662419,1689122318.687645
230711-231713-1163-some-shop,0.6,15.0,0.2,0.0407827775633936,0.0979425908382512,1689113833.116986,1689125824.621616
230712-012623-7424-sore-land,0.7,8.0,0.2,0.0226574876959029,0.0566125001006706,1689121583.743116,1689125576.397811
230712-011916-3174-grim-dare,0.7,7.75,0.2,0.0221571897733694,0.0572299129897112,1689121156.318148,1689125183.865783
230712-011607-6633-both-camp,0.7,7.5,0.2,0.0219769259009302,0.0562045530731664,1689120967.664171,1689124713.851561
230712-011239-1747-smug-wife,0.7,7.25,0.2,0.0219261923527469,0.0544420747395957,1689120759.175209,1689124519.435366
230712-010900-2173-meek-cash,0.7,7.0,0.2,0.0223199257771749,0.0558276811203532,1689120540.218144,1689124117.830779
230711-230609-7409-easy-wave,0.6,14.0,0.2,0.0342949546932754,0.0848970587775842,1689113169.74158,1689123900.62808
230712-005006-7498-huge-look,0.7,6.75,0.2,0.0230146737892065,0.0547455279481671,1689119406.750474,1689123162.995386
230712-025842-1881-loud-spot,0.8,4.0,0.2,0.0645041348225467,0.0884844120074064,1689127122.188803,1689130329.547061
230712-020102-6836-vast-gain,0.7,11.0,0.2,0.0289875165272855,0.0734463215388921,1689123662.684405,1689130298.981566
230712-030246-4335-cool-dare,0.8,4.5,0.2,0.0483970111675032,0.0778936113212443,1689127366.434245,1689130225.768062
230712-024517-1081-wavy-code,0.8,3.5,0.2,0.0779849975580074,0.0988801361476915,1689126317.108676,1689129384.858182
230712-015434-7177-half-salt,0.7,10.0,0.2,0.027155058626164,0.0699134352036921,1689123274.718214,1689128717.634438
230712-024109-7617-able-road,0.8,3.0,0.2,0.1319098770957051,0.1398861297782762,1689126069.76222,1689128669.868989
230712-023424-6470-pink-neck,0.8,2.5,0.2,0.1351323395379175,0.141269539395159,1689125664.647555,1689128224.572001
230712-014649-7262-lame-role,0.7,9.5,0.2,0.0261902429643362,0.0665538575463803,1689122809.726853,1689128187.892138
230712-035831-2082-bony-loss,0.8,6.25,0.2,0.0296783452980661,0.0628113314978847,1689130711.208713,1689134024.321682
230712-034440-9562-wide-team,0.8,6.0,0.2,0.0322029439842127,0.0603567415201024,1689129880.956741,1689133650.038735
230712-021647-5088-weak-deep,0.7,13.0,0.2,0.0369003931283728,0.0851665337638297,1689124607.509244,1689133602.162372
230712-033247-8427-sick-rich,0.8,5.5,0.2,0.0344483565194958,0.0599318415306163,1689129167.843299,1689132677.296576
230712-033339-5230-meek-site,0.8,5.75,0.2,0.0335592227851114,0.0589656087165728,1689129219.523586,1689132371.492274
230712-021330-7960-slow-fact,0.7,12.0,0.2,0.0318130458693423,0.0781953031727707,1689124410.796485,1689131933.270657
230712-032436-7211-arid-pipe,0.8,5.0,0.2,0.039028210787168,0.0621902698720058,1689128676.721656,1689131725.680407
230712-032459-6824-damp-give,0.8,5.25,0.2,0.0359547841260146,0.0617116367449838,1689128699.682941,1689131686.241642
230712-040015-6406-pale-fuel,0.8,6.75,0.2,0.0271609711983221,0.0582542836897446,1689130815.641155,1689134283.968748
230712-022647-2248-cold-cook,0.7,15.0,0.2,0.0494048823765032,0.1031390418997954,1689125207.225284,1689137442.772142
230712-043941-0216-rich-past,0.8,8.0,0.2,0.0277703255983114,0.0602735370755862,1689133181.02206,1689137248.869897
230712-043417-4556-fake-mess,0.8,7.75,0.2,0.0271350430054644,0.0602383021672399,1689132857.456217,1689136749.706166
230712-042651-7912-long-cake,0.8,7.5,0.2,0.0268414432201429,0.0591439826797635,1689132411.792665,1689136271.727789
230712-042347-3656-fair-host,0.8,7.25,0.2,0.0266411189239306,0.0572268330827763,1689132227.366459,1689136256.946659
230712-042256-4217-this-gift,0.8,7.0,0.2,0.0267786751793293,0.0589499239770124,1689132176.422445,1689135783.418106
230712-022309-0812-near-page,0.7,14.0,0.2,0.0431083498120757,0.0923466000409759,1689124989.081785,1689135626.441858
230712-035947-9926-damp-year,0.8,6.5,0.2,0.027738018483678,0.0593775207590017,1689130787.993133,1689134665.464537
230712-045502-8727-near-land,0.8,8.5,0.2,0.0291792986670763,0.0660875342200938,1689134102.873243,1689138445.88686
230712-061531-9446-firm-step,0.9,4.0,0.2,0.0697664170686185,0.0908634602768587,1689138931.945211,1689141771.121465
230712-055842-3472-rosy-yard,0.9,3.5,0.2,0.0819824190580384,0.1002089608043975,1689137922.347926,1689140692.455159
230712-050605-2614-meek-feel,0.8,10.0,0.2,0.0335169484869315,0.0759336321512787,1689134765.261954,1689140669.136191
230712-055514-5565-puny-view,0.9,3.0,0.2,0.132525670637029,0.1395446357789759,1689137714.557158,1689140377.981064
230712-054701-3881-twin-back,0.9,2.5,0.2,0.1356052014508321,0.1411032604915961,1689137221.388824,1689139835.335738
230712-050154-0577-flat-link,0.8,9.5,0.2,0.0323894625086408,0.0718103059032099,1689134514.058465,1689139599.46405
230712-045541-5627-each-meet,0.8,9.0,0.2,0.0307070947441005,0.0662863048043893,1689134141.563351,1689139273.854161
230712-065224-5476-gray-join,0.9,5.75,0.2,0.0381183062615012,0.0626140563974621,1689141144.54862,1689144710.230228
230712-065302-6534-wary-dump,0.9,6.0,0.2,0.0367328922932849,0.0637248527286769,1689141182.653899,1689144524.628919
230712-064804-6811-male-hunt,0.9,5.5,0.2,0.0385294872786055,0.0631667910121788,1689140884.681841,1689144093.379462
230712-052836-4271-busy-fall,0.8,12.0,0.2,0.0404233666774721,0.0839674949463646,1689136116.427627,1689143598.865575
230712-063826-3200-fake-file,0.9,5.25,0.2,0.039575423340042,0.0639039708769785,1689140306.320868,1689143390.82339
230712-063440-3556-meek-list,0.9,5.0,0.2,0.0427846027062347,0.0647915602245242,1689140080.356057,1689143010.729165
230712-062941-3191-long-heat,0.9,4.5,0.2,0.0527460503700725,0.0810609351170785,1689139781.320006,1689143008.241932
230712-051240-3857-dual-cook,0.8,11.0,0.2,0.0363898862518276,0.0794670713053271,1689135160.386194,1689141987.494415
230712-075659-5136-wild-rent,0.9,8.0,0.2,0.0338097288355041,0.0653081680073547,1689145019.514164,1689149482.202201
230712-071108-1988-thin-boot,0.9,6.25,0.2,0.0339729357871203,0.0664458054737151,1689142268.19936,1689145512.239392
230712-053057-6889-oval-lady,0.8,13.0,0.2,0.0457778267111253,0.0914489173260369,1689136257.689677,1689145321.525958
230712-053925-5658-bold-burn,0.8,15.0,0.2,0.0563025750381581,0.1063505434679995,1689136765.566434,1689148911.234096
230712-075152-4862-next-film,0.9,7.75,0.2,0.0329700232360235,0.0648067721913942,1689144712.486767,1689148663.170139
230712-074120-0711-only-task,0.9,7.5,0.2,0.032454870122015,0.0633869816313538,1689144080.072178,1689147923.636114
230712-053850-1422-wide-year,0.8,14.0,0.2,0.0517738978562142,0.0993897887977454,1689136730.142811,1689147561.773826
230712-073747-4719-drab-step,0.9,7.25,0.2,0.0320651117131704,0.0612265320056379,1689143867.472803,1689147535.406123
230712-073204-9765-wiry-fear,0.9,7.0,0.2,0.031936736738252,0.0627956222466269,1689143524.977176,1689147209.501575
230712-073154-3261-taut-meat,0.9,6.75,0.2,0.0319327420387358,0.062352901386174,1689143514.326884,1689147025.633114
230712-071442-6160-that-sing,0.9,6.5,0.2,0.0323450217571098,0.0633831135108014,1689142482.616519,1689146281.046596
230712-091954-6560-cold-hole,1.0,3.5,0.2,0.0858249762217067,0.1018926035614758,1689149994.656595,1689152830.528571
230712-082618-3942-dear-bend,0.9,10.0,0.2,0.0411441711642366,0.0833689036443495,1689146778.395066,1689152495.460741
230712-090940-6961-back-hand,1.0,3.0,0.2,0.1331044891765713,0.1393948637235096,1689149380.696742,1689152035.587375
230712-090551-8585-sane-knee,1.0,2.5,0.2,0.1360572914297341,0.1411443530200955,1689149151.859083,1689151746.202498
230712-081316-3009-only-main,0.9,9.5,0.2,0.0397132218557723,0.0790888143835075,1689145996.301712,1689151216.42757
230712-081012-7890-dear-ring,0.9,9.0,0.2,0.0374425580128753,0.0725333945350968,1689145812.789544,1689150571.658052
230712-075958-4022-male-cake,0.9,8.5,0.2,0.0356697593330055,0.0716288894655238,1689145198.402875,1689149953.915471
230712-100948-3418-each-bend,1.0,5.75,0.2,0.043494191967171,0.0673735034491421,1689152988.342254,1689156277.997964
230712-100209-7650-lone-joke,1.0,5.5,0.2,0.0434212344618174,0.0678899373696365,1689152529.765798,1689155679.978513
230712-095753-9622-busy-type,1.0,5.25,0.2,0.0437468198282559,0.0672806113852181,1689152273.962976,1689155292.029873
230712-084150-4323-fast-loss,0.9,12.0,0.2,0.0497356305268174,0.0913855265316927,1689147710.433063,1689155204.222413
230712-094831-5010-lame-home,1.0,5.0,0.2,0.0471856416151523,0.0688141228105805,1689151711.501492,1689154640.035416
230712-093735-8064-flat-menu,1.0,4.5,0.2,0.05734505611208,0.0851497266336625,1689151055.806988,1689154001.354726
230712-083830-4171-lazy-east,0.9,11.0,0.2,0.0451031499434472,0.0859340023185685,1689147510.417787,1689153866.816739
230712-092751-5482-tiny-gear,1.0,4.0,0.2,0.0755110517147183,0.0939616956226049,1689150471.54896,1689153680.883641
230712-085259-8033-hard-clue,0.9,15.0,0.2,0.063933940647671,0.1098173052469076,1689148379.803879,1689160173.782979
230712-110241-6471-wild-fill,1.0,7.75,0.2,0.0395268858448257,0.0704425998985193,1689156161.647631,1689160166.057597
230712-105453-2309-soft-calm,1.0,7.25,0.2,0.0382160815324132,0.0661734966641908,1689155693.231402,1689159678.677851
230712-105618-7394-lean-mood,1.0,7.5,0.2,0.0387639636463348,0.0685758302565883,1689155778.739986,1689159645.532647
230712-084749-6588-smug-sock,0.9,14.0,0.2,0.0598965683720887,0.1044837880874651,1689148069.65995,1689159161.168688
230712-104556-4841-drab-will,1.0,7.0,0.2,0.0378823386542901,0.067230261645252,1689155156.484617,1689158805.458515
230712-103450-0672-rich-rate,1.0,6.75,0.2,0.0374801052297208,0.066547166108769,1689154490.067765,1689158060.663343
230712-103226-2836-tidy-oven,1.0,6.5,0.2,0.0377023606719015,0.0680263309092288,1689154346.284077,1689157672.195703
230712-102940-0045-thin-rice,1.0,6.25,0.2,0.0389862521177288,0.0707408239200387,1689154180.005067,1689157672.143865
230712-101515-0983-dual-past,1.0,6.0,0.2,0.0419690651186948,0.0685168302595592,1689153315.098884,1689156961.798448
230712-084655-6361-vast-case,0.9,13.0,0.2,0.0550160608304154,0.0990006843270221,1689148015.636601,1689156820.322227
230712-113612-2106-male-road,1.0,10.0,0.2,0.0499803864932379,0.0910551908441868,1689158172.211231,1689163568.319254
230712-113619-8517-rosy-bike,1.0,9.5,0.2,0.0480628074604113,0.0867322212222117,1689158179.852231,1689163394.35876
230712-121718-8968-vast-user,1.25,3.0,0.2,0.1347255432231991,0.1397314695478672,1689160638.897296,1689163370.74227
230712-121721-6827-same-park,1.25,2.5,0.2,0.1374113813330983,0.1418447560959347,1689160641.6834,1689163271.753411
230712-112430-8614-spry-oven,1.0,9.0,0.2,0.0451599369460388,0.0798947197380409,1689157470.862029,1689162411.8527
230712-112201-9678-idle-goal,1.0,8.5,0.2,0.0429172388695051,0.0779418526872592,1689157321.968568,1689161609.812061
230712-111259-4794-rash-pack,1.0,8.0,0.2,0.0406068819178275,0.0708020495216517,1689156779.480084,1689161112.14654
230712-131418-5539-cute-pool,1.25,5.75,0.2,0.0584055083746944,0.0803666448944367,1689164058.554619,1689167294.260065
230712-115453-0321-taut-pack,1.0,12.0,0.2,0.0593215368267463,0.0994419128560755,1689159293.032663,1689167186.195375
230712-131119-2875-dual-tune,1.25,5.5,0.2,0.057319055000065,0.0802300897167125,1689163879.288058,1689167069.984097
230712-131103-4071-limp-news,1.25,5.25,0.2,0.0567490463197362,0.0789237382792631,1689163863.407659,1689166926.976096
230712-130929-7896-torn-boat,1.25,5.0,0.2,0.0610354870844838,0.0825991201403169,1689163769.790324,1689166825.321884
230712-125452-3043-pink-joke,1.25,4.5,0.2,0.0693465516676874,0.0947764401905912,1689162892.304743,1689165778.968394
230712-114227-1268-neat-cash,1.0,11.0,0.2,0.0546145934983443,0.0934213538195107,1689158547.127329,1689165007.984484
230712-124149-2916-neat-show,1.25,4.0,0.2,0.0868840701132475,0.1014320385816785,1689162109.292352,1689164985.057272
230712-123324-8700-best-pack,1.25,3.5,0.2,0.0953475365478805,0.1088311091932056,1689161604.870649,1689164663.317763
230712-141224-1683-same-dare,1.25,7.5,0.2,0.0575696816597566,0.0849669127502826,1689167544.168865,1689171424.612744
230712-141017-0254-pink-bowl,1.25,7.25,0.2,0.0562781594431083,0.0821452641130017,1689167417.025993,1689171197.674077
230712-140845-1563-real-most,1.25,7.0,0.2,0.0554412208826624,0.0818710428394865,1689167325.156932,1689171069.126787
230712-120834-5465-glum-slip,1.0,14.0,0.2,0.0688590173780429,0.1095109561769602,1689160114.547052,1689170411.851438
230712-135104-1283-that-bank,1.25,6.75,0.2,0.053775166725915,0.0788520607223719,1689166264.128872,1689169665.469973
230712-133848-0687-spry-card,1.25,6.5,0.2,0.0530711009234584,0.0808404352078829,1689165528.069302,1689169074.145711
230712-120127-0478-dead-game,1.0,13.0,0.2,0.064121778346907,0.1052715301066591,1689159687.048295,1689168995.279557
230712-133303-3553-blue-lift,1.25,6.0,0.2,0.0566999854219831,0.0807452929730122,1689165183.355878,1689168950.162421
230712-133814-0762-tiny-rope,1.25,6.25,0.2,0.0530128439746567,0.0801523100656127,1689165494.076995,1689168871.143036
230712-151916-8146-numb-tell,1.25,13.0,0.2,0.0885197638724395,0.1192669538151331,1689171556.815086,1689180434.371454
230712-120922-1250-cute-most,1.0,15.0,0.2,0.0731762013190543,0.1141139429034056,1689160162.125547,1689172399.67038
230712-141619-1311-both-diet,1.25,8.0,0.2,0.0602911513169964,0.0864091432890955,1689167779.131783,1689172152.362196
230712-141436-8198-bare-main,1.25,7.75,0.2,0.0585965492236652,0.0869559955954254,1689167676.820582,1689171820.775028
230712-154128-3987-grim-wrap,1.5,3.5,0.2,0.1041719518825893,0.1160810717014068,1689172888.399184,1689176071.979951
230712-153745-3197-fast-dust,1.5,3.0,0.2,0.1367068760881247,0.1410052336882368,1689172665.320209,1689175259.288253
230712-144621-2796-kind-face,1.25,10.0,0.2,0.075270335207934,0.1109248107801481,1689169581.280515,1689175053.435399
230712-144423-1086-thin-peak,1.25,9.5,0.2,0.0721313041297149,0.1045810320514682,1689169463.109247,1689175034.264713
230712-153132-2566-cold-bell,1.5,2.5,0.2,0.1388051297261922,0.1427409726264884,1689172292.257108,1689174808.486875
230712-144353-0832-drab-desk,1.25,9.0,0.2,0.0678860391106565,0.0978773980589733,1689169433.083837,1689174670.757029
230712-144250-6715-used-site,1.25,8.5,0.2,0.064250300637337,0.0950983070859999,1689169370.672057,1689173725.578675
230712-164307-6358-safe-harm,1.5,6.0,0.2,0.0720303986497633,0.0919492778338267,1689176587.636561,1689180234.525513
230712-160337-2084-sore-dirt,1.5,4.0,0.2,0.0963536257737201,0.109792730346754,1689174217.208919,1689176995.945745
230712-145550-1598-trim-army,1.25,11.0,0.2,0.0800219882590281,0.1125185370807053,1689170150.160525,1689176595.661492
230712-162859-9589-open-poem,1.5,5.75,0.2,0.0745256108625105,0.0935429396008643,1689175739.959518,1689179142.73337
230712-162529-5175-huge-many,1.5,5.5,0.2,0.0719370766940438,0.0918273778741709,1689175529.518065,1689178626.651808
230712-162539-1049-mild-male,1.5,5.25,0.2,0.0721466651739622,0.0925311579250358,1689175539.10544,1689178552.031618
230712-161941-0199-flat-safe,1.5,4.5,0.2,0.0802186433027748,0.1015840797123247,1689175181.020892,1689178509.724176
230712-150800-4331-keen-neck,1.25,12.0,0.2,0.0840487676059724,0.1163535806044614,1689170880.433548,1689178475.80796
230712-162133-9144-rare-cell,1.5,5.0,0.2,0.0755069146806182,0.0949595654531698,1689175293.915048,1689178162.617883
230712-173408-1295-torn-rich,1.5,8.0,0.2,0.0834451506224854,0.1060039399963296,1689179648.13044,1689184141.031575
230712-152506-9290-rash-rice,1.25,15.0,0.2,0.0993286971276758,0.1300959912722389,1689171906.929542,1689183839.647646
230712-172507-9521-pure-hell,1.5,7.75,0.2,0.081583688546031,0.1071080079145328,1689179107.952874,1689183029.64364
230712-172317-9997-ugly-hunt,1.5,7.25,0.2,0.0776814974075398,0.1026387409529516,1689178998.000195,1689183003.250721
230712-172245-2931-that-harm,1.5,7.0,0.2,0.0763803201272892,0.1016969360775705,1689178965.293869,1689182989.955301
230712-172341-5941-oily-fact,1.5,7.5,0.2,0.0800338937674981,0.1054161335998861,1689179021.594686,1689182846.304864
230712-152117-3173-glum-soft,1.25,14.0,0.2,0.0950728195514461,0.1266289001625677,1689171677.3182,1689182130.362374
230712-171732-6930-late-star,1.5,6.75,0.2,0.0723756896948918,0.0962479984483573,1689178652.694199,1689182097.123101
230712-165758-3363-warm-ship,1.5,6.5,0.2,0.0694917716375062,0.0951646631736514,1689177478.336919,1689180883.779898
230712-165201-0684-grim-save,1.5,6.25,0.2,0.0677314605170499,0.090675730264523,1689177121.069533,1689180774.816088
230712-185708-0925-pale-fish,1.75,3.5,0.2,0.108259581427325,0.1184483691451742,1689184628.093099,1689187644.63298
230712-185200-3550-lame-sign,1.75,3.0,0.2,0.1388514668249593,0.1425992024426744,1689184320.355659,1689186963.253811
230712-180314-0390-even-hall,1.5,10.0,0.2,0.1009404665483384,0.1283428216582514,1689181394.039771,1689186840.772979
230712-180134-5387-pink-size,1.5,9.5,0.2,0.0981767049869251,0.1227469146108182,1689181294.53953,1689186328.586403
230712-183835-0410-lone-week,1.75,2.5,0.2,0.1399798667338723,0.1434644938891388,1689183515.041573,1689186185.758779
230712-175527-4966-lazy-meet,1.5,9.0,0.2,0.0919786053895269,0.1153478091642958,1689180927.497207,1689185730.445529
230712-175240-5473-lost-gene,1.5,8.5,0.2,0.0887189372593929,0.1138533901953474,1689180760.547781,1689185536.946483
230712-183537-0724-bold-bake,1.5,13.0,0.2,0.1133660482033131,0.1368715732228337,1689183337.073112,1689191975.783325
230712-195547-9269-only-ease,1.75,6.0,0.2,0.0908052596734173,0.1089990149462514,1689188147.927703,1689191797.223657
230712-194407-2655-bony-dead,1.75,5.75,0.2,0.0934210073969916,0.1105937573931434,1689187447.265955,1689190780.653939
230712-194224-1003-flat-club,1.75,5.5,0.2,0.0889973773547988,0.1082917941286491,1689187344.100913,1689190547.021703
230712-182321-9601-past-wish,1.5,12.0,0.2,0.1084982333392848,0.1327941934864803,1689182601.960626,1689190211.802568
230712-193140-6413-warm-door,1.75,5.0,0.2,0.0896742801178551,0.1072967995337672,1689186700.641979,1689189713.227553
230712-193330-9966-poor-user,1.75,5.25,0.2,0.0874079403862531,0.1061563167476636,1689186810.997018,1689189712.73905
230712-192031-0544-dead-dish,1.75,4.0,0.2,0.1042895330752081,0.1175584372193128,1689186031.055076,1689189200.826114
230712-192339-9958-zany-head,1.75,4.5,0.2,0.0886602865401259,0.1080112236575291,1689186219.996454,1689189191.516182
230712-182254-1980-soft-bake,1.5,11.0,0.2,0.1050045100058612,0.1307280732735099,1689182574.198563,1689189043.621475
230712-210742-9956-rash-calm,1.75,9.0,0.2,0.1135963010756506,0.1330212771258472,1689192462.996095,1689197503.509099
230712-203050-2120-grim-will,1.75,7.25,0.2,0.0985349267804335,0.1216827443470594,1689190250.212644,1689194069.443887
230712-203011-4957-left-cell,1.75,7.0,0.2,0.0962604403195419,0.1202627067820789,1689190211.496365,1689193770.229109
230712-202134-8549-some-rent,1.75,6.75,0.2,0.0901571523002957,0.1135318307060931,1689189694.855486,1689193639.666651
230712-202117-9377-back-term,1.75,6.5,0.2,0.0858230820223593,0.1098572551282023,1689189677.938299,1689193151.158305
230712-201903-5158-sick-wake,1.75,6.25,0.2,0.0862637912284422,0.1083252075336077,1689189543.516469,1689192941.659063
230712-210501-0077-twin-food,1.75,8.5,0.2,0.1106033043198603,0.1306485451801427,1689192301.008268,1689196702.043816
230712-204753-2036-tame-deep,1.75,8.0,0.2,0.1050238668180961,0.1240072878957022,1689191273.204142,1689195336.429535
230712-183758-5045-next-belt,1.5,15.0,0.2,0.1209862176214299,0.1445591284600812,1689183478.504978,1689195193.297632
230712-204413-3494-bony-wave,1.75,7.75,0.2,0.1041341571178328,0.1264135383447188,1689191053.349956,1689195155.104102
230712-203843-2163-spry-calm,1.75,7.5,0.2,0.1022579717329456,0.1252993015764529,1689190723.216882,1689194681.47288
230712-183801-9118-worn-draw,1.5,14.0,0.2,0.1192225208770313,0.1440693744940298,1689183481.912382,1689194288.67242
230712-223951-7643-posh-beat,2.0,4.5,0.2,0.0957156914974712,0.1144925618881956,1689197991.764907,1689200812.63588
230712-213526-8546-idle-jump,1.75,11.0,0.2,0.1252093583459519,0.1473357656820399,1689194126.855117,1689200555.920956
230712-222616-2783-wiry-hold,2.0,4.0,0.2,0.1122155904055482,0.1253895972191712,1689197176.278853,1689200339.077909
230712-212725-4714-loud-neat,1.75,10.0,0.2,0.1214530718808245,0.1434082402553473,1689193645.472044,1689199199.578643
230712-220117-9124-posh-boss,2.0,3.0,0.2,0.1415921901417789,0.1448399621968483,1689195677.913023,1689198676.056359
230712-212359-0726-flat-mode,1.75,9.5,0.2,0.1200985348543484,0.1398395204718731,1689193439.073209,1689198645.28747
230712-220325-1014-dull-west,2.0,3.5,0.2,0.1112458265558647,0.1200036246861934,1689195805.101979,1689198594.564405
230712-220026-4347-soft-boss,2.0,2.5,0.2,0.1411426184755402,0.143989791036374,1689195626.435186,1689198196.408528
230712-214328-5399-bare-high,1.75,13.0,0.2,0.1312909343389643,0.1514921652612174,1689194608.540506,1689203608.966486
230712-230840-9430-left-card,2.0,6.0,0.2,0.1081730364497392,0.1262776204504147,1689199720.943623,1689202970.122725
230712-230000-3225-open-desk,2.0,5.75,0.2,0.1108411455096066,0.1270384647057988,1689199200.323223,1689202745.865871
230712-225840-7224-wise-fill,2.0,5.5,0.2,0.1047678886683232,0.1230619371467244,1689199120.723048,1689202266.405767
230712-213728-3236-true-plan,1.75,12.0,0.2,0.1264732602317076,0.1475951127728542,1689194248.32432,1689202178.494238
230712-225749-0690-gray-rain,2.0,5.25,0.2,0.1010036798132388,0.1191172734209229,1689199069.069691,1689202154.126023
230712-225109-3630-open-mode,2.0,5.0,0.2,0.1017671780270046,0.1190666234164055,1689198669.363536,1689201586.204586
230713-000753-4032-fine-fear,2.0,8.0,0.2,0.1212439748944441,0.137876473327468,1689203273.403819,1689207285.856049
230712-215242-6444-soft-kind,1.75,15.0,0.2,0.1356563349593387,0.1563724913775115,1689195162.645062,1689207210.079588
230712-235813-1056-vain-debt,2.0,7.5,0.2,0.1188223867109838,0.1403050861707209,1689202693.106226,1689206793.537393
230712-235919-2778-sour-area,2.0,7.75,0.2,0.1211607628139159,0.1408701987511531,1689202759.278415,1689206706.309749
230712-235718-9428-best-look,2.0,7.25,0.2,0.1147132884941563,0.1362805786908607,1689202638.943461,1689206250.648092
230712-234801-7818-same-dirt,2.0,7.0,0.2,0.1123684873454542,0.135109176707631,1689202081.782506,1689205606.090228
230712-214608-4945-aged-area,1.75,14.0,0.2,0.1356204491652402,0.1569957201814026,1689194768.495403,1689205350.925799
230712-233030-7178-mild-road,2.0,6.5,0.2,0.1029745297000285,0.1253179421706676,1689201030.718421,1689204821.041536
230712-233454-7533-lost-gain,2.0,6.75,0.2,0.1067378076132727,0.1296487506511283,1689201294.753965,1689204763.007584
230712-232719-5735-tart-tone,2.0,6.25,0.2,0.1057045172254928,0.1266622858093286,1689200839.574641,1689204353.563591
230713-002155-1837-dear-nose,2.0,9.0,0.2,0.129721897319434,0.1486321039618749,1689204115.184492,1689208930.128665
230713-001119-0736-true-bell,2.0,8.5,0.2,0.1253302916899718,0.1422186973478543,1689203479.074212,1689207870.68281
230713-004045-5655-wary-will,2.0,10.0,0.2,0.1347514721696536,0.1546658176485888,1689205245.566015,1689211148.64616
230713-003414-7297-dead-suit,2.0,9.5,0.2,0.1345952594645983,0.1528112653472037,1689204854.730241,1689210433.520438
230713-004143-2115-half-bird,2.0,11.0,0.2,0.1394376268896268,0.1610839244804435,1689205303.212297,1689211730.193445
230713-005503-0924-ugly-wear,2.0,13.0,0.2,0.1434652490793488,0.1622546713877069,1689206103.093003,1689214902.334601
230713-005041-0677-next-card,2.0,12.0,0.2,0.1392687740631382,0.1604956474920281,1689205841.068301,1689213955.875623
230713-010530-5155-hard-wind,2.0,14.0,0.2,0.1470856215944725,0.16674556004602,1689206730.515977,1689217247.48291
230713-011304-8066-huge-dare,2.0,15.0,0.2,0.1463341187126934,0.1652764803002153,1689207184.807132,1689219657.944839
230713-133135-6738-loud-ship,0.55,2.5,0.2,0.1333245153356208,0.1430416292489456,1689251495.674395,1689254807.388586
230713-143629-4657-sane-rise,0.55,3.0,0.2,0.1296522959739014,0.1416016444304478,1689255389.466432,1689258737.546934
230713-154248-8642-twin-wake,0.55,3.5,0.2,0.0680644687556814,0.0982768892964672,1689259368.864939,1689262451.187736
230713-164651-6673-dead-ring,0.55,5.0,0.2,0.0316536304287713,0.0595020744265762,1689263211.667858,1689266855.921202
230713-164333-9448-ajar-burn,0.55,4.5,0.2,0.03977287303066,0.0757341661188179,1689263013.945506,1689266233.033384
230713-162322-1911-pink-will,0.55,4.0,0.2,0.0540865911820903,0.0866279198125198,1689261802.191776,1689264877.702641
230713-175707-1854-open-mess,0.55,5.75,0.2,0.025691735535555,0.056108618321432,1689267427.186166,1689271071.174498
230713-174613-0701-blue-rice,0.55,5.5,0.2,0.0272381014620778,0.0567352421658823,1689266773.071196,1689270579.232722
230713-172419-0439-both-most,0.55,5.25,0.2,0.0291609799900408,0.0578977128305928,1689265459.044543,1689268872.3536
230713-183841-0458-even-item,0.55,6.25,0.2,0.0215107994808662,0.0587472008975435,1689269921.046448,1689273844.928893
230713-183014-1430-meek-dirt,0.55,6.0,0.2,0.0240668185815741,0.0576270842215203,1689269414.143775,1689273408.611163
230713-190702-7064-sore-base,0.55,6.75,0.2,0.0177527078434787,0.0517962236124953,1689271622.707008,1689275444.487666
230713-185839-9220-cold-half,0.55,6.5,0.2,0.0189752083576338,0.054250194575556,1689271119.922587,1689275040.786401
230713-194600-7602-used-show,0.55,7.0,0.2,0.016745883502171,0.0533598301504971,1689273960.768291,1689277783.701427
230713-201916-9888-ripe-tone,0.55,7.75,0.2,0.0159049140033563,0.0547542775727651,1689275956.989387,1689280222.243226
230713-201328-3570-vain-hole,0.55,7.5,0.2,0.0159352161159919,0.0535948964199753,1689275608.357567,1689279700.661525
230713-195423-4226-left-wash,0.55,7.25,0.2,0.0161090690113749,0.0523493157675021,1689274463.423399,1689278855.317998
230713-205854-3435-blue-lock,0.55,8.0,0.2,0.0162239192275345,0.0536999566069445,1689278334.344534,1689282814.335045
230713-213831-3202-wise-rice,0.55,9.5,0.2,0.01881411085451,0.0609007091854615,1689280711.320836,1689286708.449809
230713-213101-5793-ugly-keep,0.55,9.0,0.2,0.0179118895318584,0.0588036143141724,1689280261.579935,1689285340.223839
230713-211620-8109-dull-data,0.55,8.5,0.2,0.016934076108708,0.0580461398402735,1689279380.811549,1689284409.97876
230713-222242-4352-weak-work,0.55,10.0,0.2,0.0196712240169398,0.0650951408019249,1689283362.435905,1689289755.66446
230713-225030-0745-bare-edge,0.55,11.0,0.2,0.0209733084473049,0.068026675024146,1689285030.075065,1689292561.362519
230713-230430-6053-busy-mood,0.55,12.0,0.2,0.0221073074421445,0.0703000234145996,1689285870.605846,1689293891.730606
230713-232718-4381-grim-pull,0.55,13.0,0.2,0.0249144835150345,0.0757685140284789,1689287238.439004,1689298024.723377
230714-010624-6283-torn-read,0.55,15.0,0.2,0.0361808664169688,0.094537035598875,1689293184.629127,1689308342.229274
230714-001730-3375-oval-move,0.55,14.0,0.2,0.030245479528641,0.0832671988769498,1689290250.338136,1689303793.317564
